[{"title":"Tupac Shakur","author":"Fred L. Johnson PhD","id":3,"publishDay":"22.01.2000","genre":"drama","imageUrl":"https://images-na.ssl-images-amazon.com/images/W/WEBP_402378-T1/images/I/51eNO1wggDL._SX331_BO1,204,203,200_.jpg","price":"17.99","bookCover":"Hard","publisher":"Vintage Publishing","sold":"156","synopsis":"In 1996 Tupac Shakur, one of the most talented artists of his time, was murdered by an unknown gunman. Fred L. Johnson and Tayannah Lee McQuillar examine the theories surrounding his death and the story of Tupac's lost legacy in this definitive biography."},{"title":"The Crown","author":"Robert Lacey","id":4,"publishDay":"04.12.2007","genre":["biography","royalty","history"],"imageUrl":"https://images.penguinrandomhouse.com/cover/9780525573371","price":30,"bookCover":"hard","publisher":"Bonnier Books Ltd","sold":945,"synopsis":"Premise. The Crown portrays the life of Queen Elizabeth II from her wedding in 1947 to Philip, Duke of Edinburgh, until the early 21st century. The book depicts events up to 1955, with Winston Churchill resigning as prime minister and the Queen's sister Princess Margaret deciding not to marry Peter Townsend."},{"title":"Toto","author":"Ximo Abadia","id":5,"publishDay":"12.05.2020","genre":[],"imageUrl":"https://images-na.ssl-images-amazon.com/images/I/71XYbOccBlL.jpg","price":"40","bookCover":"hard","publisher":"Templar Publishing","sold":"800","synopsis":"TOTO is about a young Filipino hotel room service attendant who is determined to obtain a U.S. visa by any means. But when his schemes put the lives of his loved ones in danger, he is forced to question the extremity of his actions and reevaluate the cost of fulfilling his dream."},{"title":"Broken Things Inside","author":"Lauren Oliver","id":6,"publishDay":"20.09.2018","genre":["drama","biography"],"imageUrl":"https://images-na.ssl-images-amazon.com/images/I/61TToUZHdcL.jpg","price":"28.30","bookCover":"soft","publisher":"Hodder & Stoughton","sold":"476","synopsis":"Everyone thinks Mia and Brynn killed their best friend. That driven by their obsession with a novel called The Way into Lovelorn the three girls had imagined themselves into the magical world where their fantasies became twisted, even deadly."},{"title":"Uğursuz gecə","author":"Tural Ismayilov","publishDay":"10.22.2020","imageUrl":"https://static.insales-cdn.com/images/products/1/1778/423962354/large_Elxan-Elatli-Ugursuz-gece-on.jpg","price":"100000","publisher":"Teas press","sold":"332","synopsis":"Nihal ilk baxışdan xoşbəxt qadındır. Gəncdir, gözəldir, həyat yoldaşı onu sevir, iki uşağı, sevdiyi işi, şəhərin mərkəzində ev-eşiyi var. Maddi cəhətdən heç bir korluq çəkmir. Atası sevimli qızına görə dünyanın o başına da getməyə hazırdır. Qardaşları da yeganə bacılarını dünyalarca sevir... Amma bütün bunlar yalnız üzdə görünənlərdir.","bookCover":"Hard","genre":"drama","id":205768}]