[{"name":"Novruz","surname":"Amirov","mail":"novruz.amirov2004@gmail.com","password":"novruz123","id":55673,"superUser":true},{"name":"novruz","surname":"amirov","mail":"novruz","password":"123","id":965124,"superUser":false},{"name":"novruz","surname":"amirov","mail":"novruz@gmail.com","password":"123","id":489679,"superUser":false},{"name":"Mushvig","surname":"Niftaliyev","mail":"mushvig.niftaliyev@gmail.com","password":"mushvig95","id":592379,"superUser":false},{"name":"","surname":"","mail":"test@gmail.com","password":"testtest","id":544825,"superUser":false},{"name":"Gunel","surname":"Mustafayeva","mail":"gunel.mustafayeva@gmail.com","password":"code123","id":753140,"superUser":false},{"name":"Tural","surname":"Ismayilov","mail":"turalhi@code.edu.az","password":"Tural123","id":789842,"superUser":false},{"name":"Emil","surname":"Quluzade","mail":"emil@gmail.com","password":"Emil123","id":109357,"superUser":false},{"name":"Jeyhun","surname":"Jalilov","mail":"jeyhun@gmail.comj","password":"Jeyhun123","id":500250,"superUser":false},{"name":"Elton","surname":"Ismayilov","mail":"eltun@gmail.com","password":"Eltun123","id":117098,"superUser":false},{"name":"Elmar","surname":"ismayilov","mail":"elmar@gmail.com","password":"elmar123","id":924450,"superUser":false},{"name":"xasay","surname":"musayev","mail":"xasay@gmail.com","password":"xasay123","id":55439,"superUser":false},{"name":"Turall","surname":"Ismayilovv","mail":"turalhi@code.edu.azz","password":"Tural123","id":803568,"superUser":false},{"name":"Emill","surname":"Quluzade","mail":"emill@gmail.com","password":"Emil123","id":827427,"superUser":false},{"name":"Turall","surname":"Ismayilovv","mail":"Tural@gmail.com","password":"Tural123","id":841631,"superUser":false},{"name":"Turalll","surname":"Ismayilovv","mail":"turalhi@code.edu.aza","password":"Tural123","id":662948,"superUser":false},{"name":"Faiq","surname":"Resulzade","mail":"faiq@mail.com","password":"faiq123","id":67925,"superUser":false},{"name":"Hafiz","surname":"Ismayilov","mail":"hafiz@gmail.com","password":"hafiz123","id":834145,"superUser":false},{"name":"Cavidan","surname":"Huseynzade","mail":"cavidan@gmail.com","password":"cavidan123","id":855640,"superUser":false},{"name":"Ramiz","surname":"Ismayilov","mail":"ramiz@gmail.com","password":"ramiz123","id":496829,"superUser":false}]